step,t,E_noise_floor,E_fault,spread_F,cg_A,cg_B,cg_F,d1_abft_A,d1_abft_F,d2_resid_A,d2_resid_F,d3_tmin_F,d3_tmax_F,hyb_block_err_A,hyb_block_err_F,hyb_d4_F
0,0.000000e+00,0.0000000000e+00,0.0000000000e+00,0.0000,31,31,31,9.163e-18,9.163e-18,7.444e-09,7.444e-09,-2.642014e-07,4.427835e-01,,,
5,2.500000e-03,0.0000000000e+00,3.8820242315e-14,0.0020,29,29,29,1.841e-17,3.012e-16,6.792e-09,6.792e-09,-2.988461e-05,2.142645e+00,,,
10,5.000000e-03,0.0000000000e+00,2.3972911834e-14,0.0067,29,29,29,5.707e-17,2.283e-16,6.125e-09,6.125e-09,-1.382189e-04,3.387267e+00,,,
15,7.500000e-03,0.0000000000e+00,1.8242129137e-14,0.0102,28,28,28,8.443e-17,8.443e-17,9.026e-09,9.026e-09,-1.818067e-04,4.287624e+00,,,
20,1.000000e-02,0.0000000000e+00,1.5154191989e-14,0.0124,28,28,28,6.918e-17,1.384e-16,8.029e-09,8.029e-09,-2.349963e-04,4.946038e+00,,,
25,1.250000e-02,0.0000000000e+00,1.3206857009e-14,0.0141,28,28,28,5.982e-17,5.982e-17,7.069e-09,7.069e-09,-4.840919e-04,5.444090e+00,,,
30,1.500000e-02,0.0000000000e+00,1.1858536546e-14,0.0158,28,28,28,5.280e-17,6.334e-17,6.192e-09,6.192e-09,-4.679902e-04,5.832942e+00,,,
35,1.750000e-02,0.0000000000e+00,1.0867896177e-14,0.0175,27,27,27,1.289e-17,5.855e-17,8.814e-09,8.814e-09,-3.049778e-04,6.145019e+00,,,
39,1.950000e-02,0.0000000000e+00,1.0244343586e-14,0.0181,27,27,27,9.178e-17,9.178e-17,7.958e-09,7.958e-09,-4.411628e-05,6.353833e+00,,,
